z,offset_from_selected_z,y_spot,x_spot,spot_intensity
5265,-4,340,19,-4.9587463e-05
5266,-3,340,19,3.018503e-05
5267,-2,340,19,-2.0703435e-05
5268,-1,340,19,-3.3476626e-05
5269,0,340,19,5.937022e-05
5270,1,340,19,3.4886016e-05
5271,2,340,19,3.971859e-05
5272,3,340,19,1.5447644e-06
5273,4,340,19,-2.0409962e-05
